ma_length,key_value,adaptive_atr_mult,tp1_rr_long,tp1_percent,return,sharpe,max_dd,win_rate,trades,profit_factor
250,1.5,2.0,0.5,45,43.18523816398619,1.622947626272577,-9.802493745553464,67.16417910447761,67,2.861024233605757
250,1.5,2.0,0.5,35,42.83333266612895,1.598506305834408,-9.73933660709223,67.16417910447761,67,2.861024233605757
250,1.5,2.0,0.5,25,41.40070946022692,1.5458137051218868,-9.918923685524362,67.16417910447761,67,2.861024233605757
250,2.0,2.0,1.5,25,41.19759566724729,1.3485169597955071,-9.566847798041977,68.08510638297872,47,3.049375810649378
250,2.0,2.0,1.5,45,40.93456427507894,1.359356513914355,-9.578386641485748,68.08510638297872,47,3.049375810649378
250,2.0,2.0,1.5,35,40.766458365273685,1.3459652355010256,-9.63299034795292,68.08510638297872,47,3.049375810649378
250,2.0,2.0,0.5,25,39.133291251048504,1.4761292188820347,-9.705833033037193,68.85245901639344,61,2.8041995588801623
250,2.0,2.0,0.5,35,38.263533930598676,1.4872121276448091,-9.704262291563015,68.85245901639344,61,2.8041995588801623
200,1.5,2.0,0.5,45,38.2041311027528,1.4908186887669577,-9.724444620895767,66.17647058823529,68,2.645863267234594
250,1.5,2.0,1.5,25,38.15463387490411,1.3145942933127444,-11.523106473148637,65.38461538461539,52,2.8357342904600085
250,1.5,2.0,1.5,35,37.952707840781095,1.3146215477481817,-11.625716621807424,65.38461538461539,52,2.8357342904600085
250,1.5,2.0,1.5,45,37.76932671161545,1.317563574972703,-11.634700262779074,65.38461538461539,52,2.8357342904600085
250,2.0,2.0,0.5,45,37.580769233806095,1.497419882714703,-9.697050359175229,68.85245901639344,61,2.8041995588801623
150,1.5,2.0,1.5,45,36.36763221577017,1.263690558010186,-11.492811770247213,63.63636363636363,55,2.469486110632439
200,1.5,2.0,0.5,35,36.35302456320409,1.4374960630899094,-9.75757116404139,66.17647058823529,68,2.645863267234594
200,2.0,2.0,1.5,45,36.30223679398677,1.2467244867315972,-9.536898472016532,66.66666666666666,48,2.8129428930096143
150,1.5,2.0,1.5,35,36.14588207491622,1.2497345353085003,-11.416103765392815,63.63636363636363,55,2.469486110632439
200,2.0,2.0,1.5,35,36.04957352879121,1.2328463766322917,-9.711637559082808,66.66666666666666,48,2.8129428930096143
150,1.5,2.0,1.5,25,35.78043102588976,1.2300485382429271,-11.339507198479948,63.63636363636363,55,2.469486110632439
200,2.0,2.0,1.5,25,35.65336120098664,1.2121399369027015,-9.708803094664642,66.66666666666666,48,2.8129428930096143
200,1.5,2.0,0.5,25,34.755662836016,1.3641248143171174,-10.125067969450729,66.17647058823529,68,2.645863267234594
250,2.5,2.0,0.5,45,34.59828591639494,1.4620442040099404,-7.667723868602638,70.6896551724138,58,2.8803986387605276
200,2.5,2.0,0.5,45,34.139861012204875,1.429613955536561,-7.694774195848375,70.0,60,2.7152215273789273
250,2.5,2.0,0.5,35,34.11777862152319,1.4092302509726744,-7.734345003477849,70.6896551724138,58,2.8803986387605276
250,2.0,2.0,1.0,25,33.48658672344322,1.2686328315822533,-9.612740069375459,66.66666666666666,51,2.586799895763124
250,2.5,2.0,0.5,25,33.17309430290006,1.348895377725485,-7.636117616818305,70.6896551724138,58,2.8803986387605276
200,2.0,2.0,0.5,25,32.77786627117705,1.305268667641877,-9.694191092171655,67.74193548387096,62,2.5800027284605993
250,2.0,2.0,1.0,35,32.77298831439648,1.2749881330394668,-9.650537125039815,66.66666666666666,51,2.586799895763124
200,2.5,2.0,0.5,35,32.657924861504775,1.359216492427644,-7.625921937184376,70.0,60,2.7152215273789273
200,1.5,2.0,1.5,45,32.40564519500302,1.182604772719272,-11.745576285170944,64.15094339622641,53,2.6281227577223008
200,2.0,2.0,0.5,35,32.31290393238616,1.3209884766596942,-9.670129442567754,67.74193548387096,62,2.5800027284605993
200,2.0,2.0,0.5,45,32.23913931268535,1.338894266647736,-9.628403864444513,67.74193548387096,62,2.5800027284605993
200,1.5,2.0,1.5,35,32.104451778270196,1.167391764499469,-11.629804887846195,64.15094339622641,53,2.6281227577223008
150,2.0,2.0,1.5,45,32.086488012695376,1.1379033056257761,-10.648164117528724,64.58333333333334,48,2.3528977091251395
150,2.0,2.0,1.5,35,31.97517205004888,1.1294555773360113,-10.62177559870342,64.58333333333334,48,2.3528977091251395
200,2.5,2.0,0.5,25,31.720146596357118,1.2827678869028853,-7.723928329728502,70.0,60,2.7152215273789273
200,1.5,2.0,1.5,25,31.5989631156573,1.1484959638837653,-11.611494150501445,64.15094339622641,53,2.6281227577223008
150,2.0,2.0,1.5,25,31.265315856109684,1.103056271745488,-10.792440299181017,64.58333333333334,48,2.3528977091251395
150,1.5,2.0,0.5,45,31.123537355649805,1.4356303230709941,-13.60457889597223,65.21739130434783,69,2.2157275392238023
250,2.0,2.0,1.0,45,30.991436071385053,1.2408854189584855,-9.659940107817434,66.66666666666666,51,2.586799895763124
150,2.5,2.0,1.5,45,30.19717027748111,1.1047623219615295,-7.747505358216311,64.44444444444444,45,2.5322840301650302
250,1.5,2.0,1.0,25,30.081544757494267,1.1740396703874985,-11.521486246275604,64.91228070175438,57,2.5886546853868597
250,1.5,2.0,1.0,35,29.682997690462383,1.1688827512753845,-11.547264415648318,64.91228070175438,57,2.5886546853868597
150,2.5,2.0,0.5,45,29.386641500178772,1.4121661286793388,-7.578979669789798,71.1864406779661,59,2.6203877659503054
250,1.5,2.0,1.0,45,29.169755574755037,1.158151506771871,-11.671063584750662,64.91228070175438,57,2.5886546853868597
150,2.5,2.0,1.5,35,29.023995741790788,1.0665863497607166,-8.304991436518083,64.44444444444444,45,2.5322840301650307
150,1.5,2.0,0.5,35,28.39170535748726,1.3170413050697396,-14.696181337213577,65.21739130434783,69,2.2157275392238023
150,2.5,2.0,1.5,25,28.177384983383163,1.0397873720347017,-8.589904187274222,64.44444444444444,45,2.5322840301650302
200,2.0,2.0,1.0,25,27.583525716334844,1.0996882555749627,-9.65944275850501,65.38461538461539,52,2.3944456766126216
150,2.5,2.0,0.5,35,27.25762792687772,1.297937355175285,-8.284013720553741,71.1864406779661,59,2.6203877659503054
200,2.0,2.0,1.0,35,26.99059727416567,1.0992449135936748,-9.605051186972592,65.38461538461539,52,2.3944456766126216
150,1.5,2.0,0.5,25,26.59913619984871,1.2196938424172343,-15.860358277228869,65.21739130434783,69,2.2157275392238023
200,2.0,2.0,1.0,45,26.398625300818384,1.102397451859102,-9.612999966945846,65.38461538461539,52,2.3944456766126216
150,2.5,2.0,0.5,25,25.858329978223498,1.2017237326375532,-8.90606402541808,71.1864406779661,59,2.6203877659503054
250,2.5,2.0,1.5,45,25.763520417711604,0.9878274101806257,-7.7065236560368895,62.7906976744186,43,2.518226364949859
250,2.5,2.0,1.5,25,25.72125774309001,0.9776207099365337,-7.749806487574062,62.7906976744186,43,2.518226364949859
250,2.5,2.0,1.5,35,25.65552954814373,0.9809549543221113,-7.697402353245753,62.7906976744186,43,2.518226364949859
200,2.5,2.0,1.5,45,25.470940709910845,0.9669161359302282,-7.747505358216311,62.22222222222222,45,2.396068191479598
200,1.5,2.0,1.0,35,24.854965122835473,1.016149941979756,-11.460704986244874,63.793103448275865,58,2.4079973349604087
200,1.5,2.0,1.0,25,24.68973935109172,0.9994821978045253,-11.485201249696475,63.793103448275865,58,2.4079973349604087
150,1.5,2.0,1.0,45,24.619530499705743,1.0089372394118428,-13.778681364729717,62.71186440677966,59,2.093342604772406
200,1.5,2.0,1.0,45,24.60556642247233,1.0148714931521985,-11.563353251352071,63.793103448275865,58,2.4079973349604087
150,1.5,2.0,1.0,25,24.517082150902915,0.9914975373481901,-13.888199822922676,62.71186440677966,59,2.093342604772406
150,1.5,2.0,1.0,35,24.455142209163114,0.9970724202170578,-13.843842419143881,62.71186440677966,59,2.093342604772406
200,2.5,2.0,1.5,35,24.297766174220524,0.9268402938356631,-8.304991436518083,62.22222222222222,45,2.396068191479598
150,2.0,2.0,1.0,25,23.909533767693684,0.9920390942493947,-10.670182212751445,63.46153846153846,52,1.99200315207672
150,2.5,2.0,1.0,35,23.773375168847288,1.0017107337643445,-8.214955218230834,66.66666666666666,51,2.4024806120160296
200,2.5,2.0,1.5,25,23.460480620341713,0.8989465050613054,-8.589904187274222,62.22222222222222,45,2.396068191479598
150,2.0,2.0,1.0,35,23.41720948604692,0.9889821381883201,-10.658571849896347,63.46153846153846,52,1.99200315207672
150,2.5,2.0,1.0,25,23.40608474767412,0.975474917232529,-8.496658505523612,66.66666666666666,51,2.4024806120160296
150,2.5,2.0,1.0,45,23.368102507516085,1.0049840572867004,-7.663621515647312,66.66666666666666,51,2.4024806120160296
150,2.0,2.0,1.0,45,23.20568591956442,0.998059212217049,-10.600020979067814,63.46153846153846,52,1.99200315207672
150,2.0,2.0,0.5,45,22.363840486299832,1.148342524668944,-12.2671856742382,66.12903225806451,62,2.05598579422346
150,2.0,2.0,0.5,35,22.070629789842897,1.0976966006448603,-12.70455686012234,66.12903225806451,62,2.05598579422346
100,1.5,2.0,0.5,45,21.154962872436645,0.9845036518514253,-15.015469957537986,64.70588235294117,68,2.0083634010465596
150,2.0,2.0,0.5,25,20.8750617441515,1.019375113950775,-13.38178888716518,66.12903225806451,62,2.05598579422346
250,2.5,2.0,1.0,25,20.87115112681802,0.8940509652350977,-7.673142240422671,65.3061224489796,49,2.3837867864910565
150,3.0,2.0,0.5,45,20.143686126735226,1.1311004480524331,-8.455563817364764,63.1578947368421,57,1.7339836677719749
250,2.5,2.0,1.0,35,19.905547529521463,0.8742521506878213,-7.701678438254877,65.3061224489796,49,2.3837867864910565
250,2.5,2.0,1.0,45,19.39995777674434,0.8637945937307935,-7.71665237220065,65.3061224489796,49,2.3837867864910565
200,2.5,2.0,1.0,35,19.342540740101484,0.8441421181872774,-8.214955218230834,64.70588235294117,51,2.275432377175543
200,2.5,2.0,1.0,45,18.993880626377706,0.8433273874889582,-7.743445634488277,64.70588235294117,51,2.275432377175543
200,2.5,2.0,1.0,25,18.981248579945152,0.8195438168987084,-8.496658505523612,64.70588235294117,51,2.275432377175543
100,1.5,2.0,0.5,35,18.64223663066754,0.8780614688110701,-15.22881313353599,64.70588235294117,68,2.0083634010465596
150,3.0,2.0,0.5,35,18.589744322124044,1.0223895770416747,-9.016097090828145,63.1578947368421,57,1.7339836677719749
150,3.0,2.0,0.5,25,16.635936645361763,0.8955778697238179,-9.653347085855401,63.1578947368421,57,1.7339836677719749
100,1.5,2.0,0.5,25,16.50970890570068,0.7739350145483543,-16.223448295639653,64.70588235294117,68,2.0083634010465596
150,1.5,1.5,0.5,45,16.229779942090772,0.890481359488471,-12.68590055862603,60.9375,64,2.005501946443368
250,1.5,1.5,0.5,45,16.032986522759074,0.8773940444408833,-12.306314838267996,63.33333333333333,60,2.3656555579301
250,1.5,1.5,0.5,35,15.440092973587616,0.842318097255855,-12.341876423118602,63.33333333333333,60,2.3656555579301
150,1.5,1.5,0.5,35,15.33684259300675,0.8467619725020703,-12.587645908421463,60.9375,64,2.005501946443368
200,3.0,2.0,0.5,45,15.078986588060669,0.8724706523630318,-7.77499699036408,62.96296296296296,54,1.7522639349813074
250,1.5,1.5,0.5,25,14.952985510056113,0.809897833074886,-12.389691180594564,63.33333333333333,60,2.3656555579301
250,3.0,2.0,0.5,45,14.606784124566218,0.8639803410647063,-11.31209062182944,63.46153846153846,52,1.8278796402298862
150,1.5,1.5,0.5,25,14.301662572132717,0.7841152750910794,-12.691540522629996,60.9375,64,2.005501946443368
250,3.0,2.0,0.5,35,14.26852451193892,0.8205005236845971,-11.630500775242103,63.46153846153846,52,1.8278796402298862
200,3.0,2.0,0.5,35,13.756714303826504,0.7826493195255945,-8.42101577475779,62.96296296296296,54,1.7522639349813074
150,3.0,2.0,1.0,45,13.724320713324396,0.6524988923413175,-10.730894237264554,60.86956521739131,46,1.5389144779047566
250,3.0,2.0,1.0,25,13.436865036878261,0.6457168070166773,-8.288600662655499,62.7906976744186,43,1.713503309991314
250,3.0,2.0,0.5,25,13.288301687737587,0.7450098073070814,-12.187668179257315,63.46153846153846,52,1.8278796402298862
150,3.0,2.0,1.0,35,13.173638882910598,0.6260210319757687,-10.630109004199173,60.86956521739131,46,1.5389144779047566
150,3.0,2.0,1.0,25,12.891599898077802,0.607301075007393,-10.969861135747783,60.86956521739131,46,1.5389144779047566
250,3.0,2.0,1.0,35,12.810363640577016,0.6268595669943217,-9.037102097465377,62.7906976744186,43,1.713503309991314
150,1.5,1.0,1.0,25,12.618218162050562,1.2083175800137511,-3.6850618367232135,57.377049180327866,61,2.3523524530493978
150,1.5,1.0,1.0,45,12.618218162050562,1.2083175800137511,-3.6850618367232135,57.377049180327866,61,2.3523524530493978
150,1.5,1.0,1.0,35,12.618218162050562,1.2083175800137511,-3.6850618367232135,57.377049180327866,61,2.3523524530493978
250,1.5,1.5,1.0,45,12.512712923093003,0.6847966278500165,-12.144295974363894,56.896551724137936,58,2.3111656467534516
150,1.5,1.0,0.5,35,12.373964629832644,1.1854631144173198,-3.6925207857811837,62.121212121212125,66,2.2724152483712214
150,1.5,1.0,0.5,45,12.373964629832644,1.1854631144173198,-3.6925207857811837,62.121212121212125,66,2.2724152483712214
150,1.5,1.0,0.5,25,12.373964629832644,1.1854631144173198,-3.6925207857811837,62.121212121212125,66,2.2724152483712214
250,3.0,2.0,1.0,45,12.37212800481957,0.6141301292386394,-9.554095510582172,62.7906976744186,43,1.713503309991314
200,3.0,2.0,1.0,25,12.283494042517523,0.587565623129203,-9.256695365278933,62.22222222222222,45,1.6496558156721592
200,3.0,2.0,0.5,25,12.270648294346428,0.6838671244358046,-9.097021060279609,62.96296296296296,54,1.7522639349813074
200,3.0,2.0,1.0,45,12.243252041861414,0.6006109767663574,-9.602889793573022,62.22222222222222,45,1.6496558156721592
100,2.0,2.0,0.5,45,12.159541255083404,0.6251602264873517,-12.964690436136895,62.5,64,1.6820529180887347
200,3.0,2.0,1.0,35,12.130143956656338,0.5898122222568484,-8.967145404213717,62.22222222222222,45,1.6496558156721592
250,1.5,1.5,1.0,35,11.960997741383709,0.6519893511204906,-12.179115674982766,56.896551724137936,58,2.3111656467534516
250,1.5,1.5,1.0,25,11.601107312539808,0.6295512871762918,-12.226299866616719,56.896551724137936,58,2.3111656467534516
100,2.0,2.0,0.5,35,10.81587639382058,0.5458498721081286,-13.643230418095609,62.5,64,1.6820529180887347
150,1.5,1.5,1.0,45,10.726673919362801,0.5899202171248065,-12.462227336048349,56.666666666666664,60,2.055117275894676
100,1.5,2.0,1.5,45,10.396884320737572,0.45349041861159356,-20.507217035117463,58.92857142857143,56,1.9357627665564743
250,1.5,1.0,1.5,45,10.339748267878932,1.0487253458290506,-4.5171557499921855,53.44827586206896,58,2.6150650824238255
250,1.5,1.0,1.5,35,10.339748267878932,1.0487253458290506,-4.5171557499921855,53.44827586206896,58,2.6150650824238255
250,1.5,1.0,1.5,25,10.339748267878932,1.0487253458290506,-4.5171557499921855,53.44827586206896,58,2.6150650824238255
150,1.5,1.5,1.0,35,10.335572421346443,0.5653596082854181,-12.501319277468536,56.666666666666664,60,2.055117275894676
100,1.5,2.0,1.5,35,10.300765568753887,0.44666781944315626,-20.55983129870046,58.92857142857143,56,1.9357627665564743
100,1.5,2.0,1.5,25,10.202896108609858,0.43929898478906,-20.61274594842105,58.92857142857143,56,1.9357627665564743
250,1.5,1.0,1.0,35,10.099699910631461,1.0271946008731858,-4.5171557499921855,58.620689655172406,58,2.657703154500049
250,1.5,1.0,1.0,45,10.099699910631461,1.0271946008731858,-4.5171557499921855,58.620689655172406,58,2.657703154500049
250,1.5,1.0,1.0,25,10.099699910631461,1.0271946008731858,-4.5171557499921855,58.620689655172406,58,2.657703154500049
150,1.5,1.5,1.0,25,9.919905594261218,0.5390739867027295,-12.462376524829,56.666666666666664,60,2.055117275894676
250,1.5,1.0,0.5,25,9.855446378413545,1.0028822789782603,-4.526274075296177,63.49206349206349,63,2.5875303354173216
250,1.5,1.0,0.5,35,9.855446378413545,1.0028822789782603,-4.526274075296177,63.49206349206349,63,2.5875303354173216
250,1.5,1.0,0.5,45,9.855446378413545,1.0028822789782603,-4.526274075296177,63.49206349206349,63,2.5875303354173216
200,1.5,1.0,1.5,25,9.747409454570242,0.991936610542898,-4.4884929384613965,50.847457627118644,59,2.158234290851516
200,1.5,1.0,1.5,35,9.747409454570242,0.991936610542898,-4.4884929384613965,50.847457627118644,59,2.158234290851516
200,1.5,1.0,1.5,45,9.747409454570242,0.991936610542898,-4.4884929384613965,50.847457627118644,59,2.158234290851516
100,1.5,1.5,0.5,45,9.628228618758166,0.5660275259619579,-12.709261688646478,56.451612903225815,62,1.6282931925555415
100,2.0,2.0,0.5,25,9.525579254017412,0.47361105718217594,-14.07732576893157,62.5,64,1.6820529180887347
200,1.5,1.0,1.0,35,9.507361097322773,0.9702008865024425,-4.4884929384613965,55.932203389830505,59,2.1472448271527043
200,1.5,1.0,1.0,45,9.507361097322773,0.9702008865024425,-4.4884929384613965,55.932203389830505,59,2.1472448271527043
200,1.5,1.0,1.0,25,9.507361097322773,0.9702008865024425,-4.4884929384613965,55.932203389830505,59,2.1472448271527043
200,1.5,1.0,0.5,45,9.346956569911363,0.9548332603668546,-4.497578115768707,60.9375,64,2.057482745798283
200,1.5,1.0,0.5,35,9.346956569911363,0.9548332603668546,-4.497578115768707,60.9375,64,2.057482745798283
200,1.5,1.0,0.5,25,9.346956569911363,0.9548332603668546,-4.497578115768707,60.9375,64,2.057482745798283
250,2.5,1.0,1.0,25,9.236583919436889,0.8490209286695045,-5.272547624278479,65.95744680851064,47,3.0791692342867316
250,2.5,1.0,1.0,35,9.236583919436889,0.8490209286695045,-5.272547624278479,65.95744680851064,47,3.0791692342867316
250,2.5,1.0,1.0,45,9.236583919436889,0.8490209286695045,-5.272547624278479,65.95744680851064,47,3.0791692342867316
250,2.5,1.0,1.5,45,9.075468785815664,0.834968636611144,-5.272547624278479,55.319148936170215,47,2.5334900470627733
250,2.5,1.0,1.5,25,9.075468785815664,0.834968636611144,-5.272547624278479,55.319148936170215,47,2.5334900470627733
250,2.5,1.0,1.5,35,9.075468785815664,0.834968636611144,-5.272547624278479,55.319148936170215,47,2.5334900470627733
200,2.5,1.0,1.0,35,8.926610191760501,0.8207702104692794,-5.244853899496604,63.26530612244898,49,2.604405429275528
200,2.5,1.0,1.0,25,8.926610191760501,0.8207702104692794,-5.244853899496604,63.26530612244898,49,2.604405429275528
200,2.5,1.0,1.0,45,8.926610191760501,0.8207702104692794,-5.244853899496604,63.26530612244898,49,2.604405429275528
100,1.5,1.5,0.5,35,8.866941516790193,0.5185201176200734,-12.598756973198888,56.451612903225815,62,1.6282931925555415
200,2.5,1.0,1.5,35,8.765495058139276,0.8066924611338471,-5.244853899496604,53.06122448979592,49,2.20291872232406
200,2.5,1.0,1.5,45,8.765495058139276,0.8066924611338471,-5.244853899496604,53.06122448979592,49,2.20291872232406
200,2.5,1.0,1.5,25,8.765495058139276,0.8066924611338471,-5.244853899496604,53.06122448979592,49,2.20291872232406
250,2.5,1.0,0.5,45,8.65205273534395,0.7965252949526674,-5.293738496876699,65.3061224489796,49,2.509656294037218
250,2.5,1.0,0.5,25,8.65205273534395,0.7965252949526674,-5.293738496876699,65.3061224489796,49,2.509656294037218
250,2.5,1.0,0.5,35,8.65205273534395,0.7965252949526674,-5.293738496876699,65.3061224489796,49,2.509656294037218
200,1.5,1.5,0.5,45,8.62641371221056,0.5064990821644635,-12.534015266350496,60.0,60,1.933779508111413
150,2.5,1.0,1.0,45,8.570322237848595,0.7911324200263778,-5.192805180552417,61.224489795918366,49,2.2400545055023504
150,2.5,1.0,1.0,25,8.570322237848595,0.7911324200263778,-5.192805180552417,61.224489795918366,49,2.2400545055023504
150,2.5,1.0,1.0,35,8.570322237848595,0.7911324200263778,-5.192805180552417,61.224489795918366,49,2.2400545055023504
150,2.5,1.0,1.5,35,8.447868933459722,0.7802836598028406,-5.192805180552417,52.083333333333336,48,1.9778101603713452
150,2.5,1.0,1.5,25,8.447868933459722,0.7802836598028406,-5.192805180552417,52.083333333333336,48,1.9778101603713452
150,2.5,1.0,1.5,45,8.447868933459722,0.7802836598028406,-5.192805180552417,52.083333333333336,48,1.9778101603713452
200,2.5,1.0,0.5,45,8.245723658393873,0.7607762713974189,-5.361456882380844,62.745098039215684,51,2.1094970180876507
200,2.5,1.0,0.5,35,8.245723658393873,0.7607762713974189,-5.361456882380844,62.745098039215684,51,2.1094970180876507
200,2.5,1.0,0.5,25,8.245723658393873,0.7607762713974189,-5.361456882380844,62.745098039215684,51,2.1094970180876507
150,2.5,1.0,0.5,45,7.960532010093703,0.7369450108888941,-5.30919837964372,62.745098039215684,51,1.8731140136218558
150,2.5,1.0,0.5,35,7.960532010093703,0.7369450108888941,-5.30919837964372,62.745098039215684,51,1.8731140136218558
150,2.5,1.0,0.5,25,7.960532010093703,0.7369450108888941,-5.30919837964372,62.745098039215684,51,1.8731140136218558
200,1.5,1.5,0.5,35,7.845244928137672,0.45991975414414604,-12.61688147592277,60.0,60,1.933779508111413
100,3.0,2.0,0.5,45,7.68953661618043,0.4630786305996845,-13.71829475050247,61.40350877192983,57,1.2227148606687928
150,2.0,1.0,1.0,35,7.603737130701374,0.7177820246551853,-4.869103173351441,61.111111111111114,54,2.130383384529612
150,2.0,1.0,1.0,25,7.603737130701374,0.7177820246551853,-4.869103173351441,61.111111111111114,54,2.130383384529612
150,2.0,1.0,1.0,45,7.603737130701374,0.7177820246551853,-4.869103173351441,61.111111111111114,54,2.130383384529612
100,2.5,2.0,0.5,45,7.57588155688918,0.4102418867490869,-10.328429224684644,65.0,60,1.6034599134492244
100,1.5,1.5,0.5,25,7.428076145818505,0.43498613165012884,-12.700352261216164,56.451612903225815,62,1.6282931925555415
200,1.5,1.5,0.5,25,7.358137464606171,0.4283132684891555,-12.669110665615769,60.0,60,1.933779508111413
150,2.0,1.0,0.5,45,7.30813289048876,0.6898647103392915,-4.884531955009552,64.91228070175438,57,2.0143913541537777
150,2.0,1.0,0.5,35,7.30813289048876,0.6898647103392915,-4.884531955009552,64.91228070175438,57,2.0143913541537777
150,2.0,1.0,0.5,25,7.30813289048876,0.6898647103392915,-4.884531955009552,64.91228070175438,57,2.0143913541537777
150,1.5,1.0,1.5,35,7.26566035248241,0.7217289451283382,-6.86781939446276,51.66666666666667,60,2.2290307684893356
150,1.5,1.0,1.5,45,7.26566035248241,0.7217289451283382,-6.86781939446276,51.66666666666667,60,2.2290307684893356
150,1.5,1.0,1.5,25,7.26566035248241,0.7217289451283382,-6.86781939446276,51.66666666666667,60,2.2290307684893356
250,1.5,1.5,1.5,25,6.779536212034509,0.36298059207057454,-12.238626935449792,51.92307692307693,52,1.9764293881271617
250,1.5,1.5,1.5,35,6.7397241621382635,0.3625419338941617,-12.242798890214857,51.92307692307693,52,1.9764293881271617
250,1.5,1.5,1.5,45,6.699912112242054,0.3618091346001783,-12.246973690256901,51.92307692307693,52,1.9764293881271617
250,2.5,1.5,0.5,45,6.350130264844102,0.4658903821901338,-5.515004299614079,69.38775510204081,49,2.589519182260296
100,2.5,2.0,0.5,35,6.137398004095903,0.32817716109573963,-11.067935731484956,65.0,60,1.6034599134492244
200,1.5,1.5,1.0,45,5.816915385380362,0.3406174031890367,-12.046853563960214,55.172413793103445,58,2.127702312246502
100,3.0,2.0,0.5,35,5.552212705993661,0.32977443921374233,-14.931638372158817,61.40350877192983,57,1.2227148606687928
250,2.0,1.0,1.5,25,5.5481870853042885,0.5526739286318346,-5.325311273878275,55.769230769230774,52,2.37539673839804
250,2.0,1.0,1.5,45,5.5481870853042885,0.5526739286318346,-5.325311273878275,55.769230769230774,52,2.37539673839804
250,2.0,1.0,1.5,35,5.5481870853042885,0.5526739286318346,-5.325311273878275,55.769230769230774,52,2.37539673839804
250,2.0,1.0,1.0,45,5.461884422907169,0.5449176054180462,-5.325311273878275,63.46153846153846,52,2.572265533887481
250,2.0,1.0,1.0,25,5.461884422907169,0.5449176054180462,-5.325311273878275,63.46153846153846,52,2.572265533887481
250,2.0,1.0,1.0,35,5.461884422907169,0.5449176054180462,-5.325311273878275,63.46153846153846,52,2.572265533887481
150,2.5,1.5,0.5,45,5.2098588377043775,0.3797034580838298,-7.611562664685801,68.0,50,2.27836075298294
250,2.5,1.5,0.5,35,5.162677093640487,0.37578254240560105,-5.5581173994620485,69.38775510204081,49,2.589519182260296
250,2.0,1.0,0.5,25,5.106888604371197,0.5144654647735221,-5.342137923876333,67.27272727272727,55,2.477511512618627
250,2.0,1.0,0.5,35,5.106888604371197,0.5144654647735221,-5.342137923876333,67.27272727272727,55,2.477511512618627
250,2.0,1.0,0.5,45,5.106888604371197,0.5144654647735221,-5.342137923876333,67.27272727272727,55,2.477511512618627
200,1.5,1.5,1.0,35,5.035746601307474,0.29450872009878554,-12.126498998476132,55.172413793103445,58,2.127702312246502
200,2.0,1.0,1.5,25,4.955848271995602,0.49541035803456834,-5.297823178334182,52.83018867924528,53,1.9380488133781815
200,2.0,1.0,1.5,45,4.955848271995602,0.49541035803456834,-5.297823178334182,52.83018867924528,53,1.9380488133781815
200,2.0,1.0,1.5,35,4.955848271995602,0.49541035803456834,-5.297823178334182,52.83018867924528,53,1.9380488133781815
200,2.0,1.0,1.0,25,4.869545609598481,0.48754550675148767,-5.297823178334182,60.37735849056604,53,2.0474438936696164
200,2.0,1.0,1.0,35,4.869545609598481,0.48754550675148767,-5.297823178334182,60.37735849056604,53,2.0474438936696164
200,2.0,1.0,1.0,45,4.869545609598481,0.48754550675148767,-5.297823178334182,60.37735849056604,53,2.0474438936696164
100,2.5,2.0,0.5,25,4.631505275466898,0.24416729027232917,-12.076372338099816,65.0,60,1.6034599134492244
200,1.5,1.5,1.0,25,4.548639137775972,0.2642780323765797,-12.176698187373326,55.172413793103445,58,2.127702312246502
200,2.0,1.0,0.5,25,4.5145497910625085,0.4564186294695744,-5.314610449864842,64.28571428571429,56,1.9268058273547382
200,2.0,1.0,0.5,35,4.5145497910625085,0.4564186294695744,-5.314610449864842,64.28571428571429,56,1.9268058273547382
200,2.0,1.0,0.5,45,4.5145497910625085,0.4564186294695744,-5.314610449864842,64.28571428571429,56,1.9268058273547382
100,2.0,2.0,1.5,35,4.3538721994519625,0.19592590736542953,-16.06739945601593,56.00000000000001,50,1.6498676670248187
100,2.0,2.0,1.5,45,4.3273563106885735,0.19576495497914306,-15.881380624711127,56.00000000000001,50,1.6498676670248187
200,2.5,1.5,0.5,45,4.25358967875025,0.3032122357502773,-7.611562664685801,68.0,50,2.433566139995904
100,2.0,2.0,1.5,25,4.196733002110068,0.18759197153625137,-16.20600365992546,56.00000000000001,50,1.6498676670248187
100,3.0,2.0,0.5,25,4.171123885574343,0.24215273107653268,-15.579031052830993,61.40350877192983,57,1.2227148606687928
100,1.5,1.5,1.0,45,4.142435578665645,0.24348965295787703,-13.920572171497103,53.333333333333336,60,1.6917138520778572
150,2.5,1.5,0.5,35,4.08003191566695,0.295459662177043,-8.161761679733637,68.0,50,2.27836075298294
100,1.5,1.5,1.0,35,3.907532781699083,0.22974237072891637,-13.94765293854916,53.333333333333336,60,1.6917138520778572
250,2.5,1.5,0.5,25,3.7694403796512232,0.27125338616170186,-5.62935785578399,69.38775510204081,49,2.589519182260296
100,1.5,1.5,1.0,25,3.3772227762364313,0.19736386639987397,-14.009178868788085,53.333333333333336,60,1.6917138520778572
200,2.5,1.5,0.5,35,3.2924963160717198,0.23458303848243228,-8.161761679733637,68.0,50,2.433566139995904
150,2.5,1.5,0.5,25,3.207042359949482,0.22693343966795473,-8.688442769890848,68.0,50,2.27836075298294
100,1.5,1.0,1.0,25,3.190547225343998,0.4831789993184336,-5.089138455723752,52.54237288135594,59,1.856783987991272
100,1.5,1.0,1.0,45,3.190547225343998,0.4831789993184336,-5.089138455723752,52.54237288135594,59,1.856783987991272
100,1.5,1.0,1.0,35,3.190547225343998,0.4831789993184336,-5.089138455723752,52.54237288135594,59,1.856783987991272
250,2.5,1.5,1.0,45,3.0235000476570346,0.21898000858983033,-7.316256306788194,60.416666666666664,48,2.350462417228956
100,1.5,1.0,0.5,25,2.908769599040388,0.44116505664241984,-5.018625452196002,57.14285714285714,63,1.7379256303971837
100,1.5,1.0,0.5,35,2.908769599040388,0.44116505664241984,-5.018625452196002,57.14285714285714,63,1.7379256303971837
100,1.5,1.0,0.5,45,2.908769599040388,0.44116505664241984,-5.018625452196002,57.14285714285714,63,1.7379256303971837
200,2.5,1.5,0.5,25,2.444395818528392,0.17056057030332888,-8.688442769890848,68.0,50,2.433566139995904
150,2.0,1.0,1.5,45,2.2278199600536572,0.22338637182484214,-7.593067323907709,52.83018867924528,53,1.903081302662661
150,2.0,1.0,1.5,35,2.2278199600536572,0.22338637182484214,-7.593067323907709,52.83018867924528,53,1.903081302662661
150,2.0,1.0,1.5,25,2.2278199600536572,0.22338637182484214,-7.593067323907709,52.83018867924528,53,1.903081302662661
250,2.5,1.5,1.0,35,2.0044422786031646,0.14450189815977724,-7.2767714532646295,60.416666666666664,48,2.350462417228956
150,2.5,1.5,1.0,45,1.9957290048676624,0.1446372476035161,-7.611562664685801,62.5,48,2.24338731718299
150,1.5,1.5,1.5,25,1.9949929976796554,0.11024411937361844,-13.207008775193918,49.09090909090909,55,1.6621478592171164
150,1.5,1.5,1.5,35,1.8336181511067844,0.10206980725366384,-13.350022460873612,49.09090909090909,55,1.6621478592171164
150,1.5,1.5,1.5,45,1.7311873761587049,0.09679508685607117,-13.440798706140155,49.09090909090909,55,1.6621478592171164
100,1.5,2.0,1.0,45,1.6661792663072994,0.08508578045485497,-23.5320267290944,59.32203389830508,59,1.6747204465252439
100,1.5,2.0,1.0,35,1.5620672055772955,0.07926098236244378,-23.471894194797027,59.32203389830508,59,1.6747204465252439
250,2.0,1.5,0.5,45,1.5530447678991186,0.11263902928391616,-10.899162772069548,67.27272727272727,55,2.2737508622039586
250,2.0,1.5,0.5,35,1.1792641143319633,0.08484714525916308,-10.940887439575842,67.27272727272727,55,2.2737508622039586
150,2.5,1.5,1.0,35,1.116271979558769,0.07996188299620823,-8.161761679733637,62.5,48,2.24338731718299
200,2.5,1.5,1.0,45,1.0953548637129278,0.07745691536969673,-7.611562664685801,59.183673469387756,49,2.231170542578552
150,3.0,2.0,1.5,45,1.0773041058982562,0.05155499293697302,-12.354754537634083,48.78048780487805,41,1.206588778136915
100,1.5,2.0,1.0,25,1.0715243770250527,0.054236185095138466,-23.518720929135238,59.32203389830508,59,1.6747204465252439
250,2.5,1.5,1.0,25,0.6112055646139015,0.04362051818847469,-7.370295845040742,60.416666666666664,48,2.350462417228956
250,2.0,1.5,0.5,25,0.58743125619294,0.04189974902322799,-11.09547202418204,67.27272727272727,55,2.2737508622039586
200,1.5,1.5,1.5,25,0.34566651393784925,0.01974755499433997,-14.38866075766516,50.0,52,1.8269077721364868
150,3.0,2.0,1.5,35,0.2964261705627541,0.014302864241629038,-12.882192705492557,48.78048780487805,41,1.206588778136915
200,2.5,1.5,1.0,35,0.2185716283460897,0.015454189203268465,-8.161761679733637,59.183673469387756,49,2.231170542578552
250,3.0,2.0,1.5,45,0.18772175806319866,0.009299024412312123,-11.067899899449273,50.0,38,1.3174067430910306
200,1.5,1.5,1.5,35,0.18429166736497793,0.01060859516496733,-14.531674443344844,50.0,52,1.8269077721364868
150,2.5,1.5,1.0,25,0.17443924629002142,0.012244354918706995,-8.688442769890848,62.5,48,2.24338731718299
200,1.5,1.5,1.5,45,0.16007849806110244,0.00926751958378906,-14.553132648620782,50.0,52,1.8269077721364868
250,3.0,2.0,1.5,35,0.13607998708232116,0.006730707869580035,-10.961765737598473,50.0,38,1.3174067430910306
200,3.0,2.0,1.5,35,-0.12612631812608016,-0.006257538272649097,-10.560046247616384,50.0,40,1.282613653818077
250,3.0,2.0,1.5,25,-0.14362626739941334,-0.00714479016687087,-10.866387911846475,50.0,38,1.3174067430910306
200,3.0,2.0,1.5,45,-0.19888047934391578,-0.00987194476000016,-10.9862594389038,50.0,40,1.282613653818077
150,3.0,2.0,1.5,25,-0.2295174321397826,-0.011164787889724638,-13.137673935295236,48.78048780487805,41,1.206588778136915
200,3.0,2.0,1.5,25,-0.6635654414628516,-0.0329098911013582,-10.570834581053312,50.0,40,1.282613653818077
200,2.5,1.5,1.0,25,-0.71383899650893,-0.0495187218088098,-8.688442769890848,59.183673469387756,49,2.231170542578552
100,2.0,1.0,1.0,45,-1.2533353188072942,-0.17845374630549218,-5.0474831674492515,56.60377358490566,53,1.7077549803742929
100,2.0,1.0,1.0,35,-1.2533353188072942,-0.17845374630549218,-5.0474831674492515,56.60377358490566,53,1.7077549803742929
100,2.0,1.0,1.0,25,-1.2533353188072942,-0.17845374630549218,-5.0474831674492515,56.60377358490566,53,1.7077549803742929
100,2.5,1.0,1.5,45,-1.4825336500886805,-0.17757546187321455,-7.9791025224939744,54.0,50,1.755816957930182
100,2.5,1.0,1.5,25,-1.4825336500886805,-0.17757546187321455,-7.9791025224939744,54.0,50,1.755816957930182
100,2.5,1.0,1.5,35,-1.4825336500886805,-0.17757546187321455,-7.9791025224939744,54.0,50,1.755816957930182
100,2.0,1.0,0.5,25,-1.586463653105602,-0.22613942610789417,-4.992287129515017,60.0,55,1.549919138073492
100,2.0,1.0,0.5,45,-1.586463653105602,-0.22613942610789417,-4.992287129515017,60.0,55,1.549919138073492
100,2.0,1.0,0.5,35,-1.586463653105602,-0.22613942610789417,-4.992287129515017,60.0,55,1.549919138073492
100,2.5,1.0,1.0,45,-1.644009371476277,-0.19739323883688029,-7.975156700791086,57.99999999999999,50,1.7079781961706904
100,2.5,1.0,1.0,25,-1.644009371476277,-0.19739323883688029,-7.975156700791086,57.99999999999999,50,1.7079781961706904
100,2.5,1.0,1.0,35,-1.644009371476277,-0.19739323883688029,-7.975156700791086,57.99999999999999,50,1.7079781961706904
100,1.5,1.0,1.5,45,-1.6663238656550492,-0.26347780410835836,-7.301877383600797,49.152542372881356,59,1.854524377837952
100,1.5,1.0,1.5,25,-1.6663238656550492,-0.26347780410835836,-7.301877383600797,49.152542372881356,59,1.854524377837952
100,1.5,1.0,1.5,35,-1.6663238656550492,-0.26347780410835836,-7.301877383600797,49.152542372881356,59,1.854524377837952
150,2.0,1.5,0.5,45,-1.8881434392148728,-0.1478818109691846,-10.732611975308847,63.793103448275865,58,1.8151756082131005
100,2.5,2.0,1.5,45,-2.0267460145742917,-0.10158598834405366,-12.737501797705686,53.191489361702125,47,1.4528691630882842
100,2.0,2.0,1.0,25,-2.123942911967697,-0.11014325936806099,-17.315099416700907,55.55555555555556,54,1.3966599596896894
100,2.5,1.0,0.5,45,-2.25379959923117,-0.2718284644719328,-8.102764244193617,59.61538461538461,52,1.3781528063844444
100,2.5,1.0,0.5,35,-2.25379959923117,-0.2718284644719328,-8.102764244193617,59.61538461538461,52,1.3781528063844444
100,2.5,1.0,0.5,25,-2.25379959923117,-0.2718284644719328,-8.102764244193617,59.61538461538461,52,1.3781528063844444
100,2.0,2.0,1.0,45,-2.378118983668701,-0.12808012483689268,-18.134032643911468,55.55555555555556,54,1.3966599596896894
100,2.5,2.0,1.5,35,-2.5009498941126913,-0.12493318854226242,-12.697355917472375,53.191489361702125,47,1.4528691630882842
100,2.0,2.0,1.0,35,-2.5248715385872855,-0.13429441293445893,-17.812080274554233,55.55555555555556,54,1.3966599596896894
150,2.0,1.5,0.5,35,-2.8395775549342397,-0.22297451434777824,-10.630472696184123,63.793103448275865,58,1.8151756082131005
100,2.5,2.0,1.5,25,-2.909483900445048,-0.14582532689221697,-12.554273467218058,53.191489361702125,47,1.4528691630882842
150,3.0,1.5,0.5,45,-3.0964803197581205,-0.24992134641474742,-8.336043711912922,60.86956521739131,46,1.423144503325253
150,2.0,1.5,0.5,25,-3.6999002510478385,-0.2859604174799861,-10.645630032265728,63.793103448275865,58,1.8151756082131005
250,2.0,1.5,1.0,45,-3.8362000017999165,-0.26814398358622205,-14.6394807346653,58.82352941176471,51,2.086810463950002
100,1.5,1.5,1.5,25,-4.117549717434395,-0.24261869576011388,-15.879794230419575,45.45454545454545,55,1.3775230107743088
150,3.0,1.5,0.5,35,-4.12698403955339,-0.333637095157574,-8.59950346862679,60.86956521739131,46,1.423144503325253
250,2.0,1.5,1.0,35,-4.232051661456462,-0.2942202193898861,-14.713144406913315,58.82352941176471,51,2.086810463950002
100,1.5,1.5,1.5,35,-4.278924564007266,-0.2540090208009586,-16.022807916099257,45.45454545454545,55,1.3775230107743088
100,1.5,1.5,1.5,45,-4.381355338955345,-0.26126318993779307,-16.113584161365814,45.45454545454545,55,1.3775230107743088
250,3.0,1.5,0.5,45,-4.579961905094624,-0.377638622120674,-9.351649096790915,60.46511627906976,43,1.501027490791966
250,2.0,1.5,1.0,25,-4.656540399936057,-0.320740897093154,-14.769078352529997,58.82352941176471,51,2.086810463950002
100,2.5,1.5,0.5,45,-4.8018705780027995,-0.3929504123880982,-7.611562664685801,62.264150943396224,53,1.6118773836503155
200,2.0,1.5,0.5,45,-4.817138647326247,-0.37686669751690727,-11.260539757826782,63.63636363636363,55,1.8202483484354186
250,3.0,1.5,0.5,35,-4.953060231319887,-0.4086997595775852,-9.48088110830746,60.46511627906976,43,1.501027490791966
150,3.0,1.5,0.5,25,-5.132690722498592,-0.4122042448775525,-9.498444972201126,60.86956521739131,46,1.423144503325253
200,2.0,1.5,0.5,35,-5.336251699953791,-0.4137517949153357,-11.395668369398448,63.63636363636363,55,1.8202483484354186
250,2.5,1.5,1.5,45,-5.3484221240849,-0.39771820099601235,-11.820662910174217,54.347826086956516,46,2.0669738160250435
150,3.0,1.0,1.0,45,-5.510144926230296,-0.6638872393893429,-7.486802806484205,53.191489361702125,47,1.2174638861565568
150,3.0,1.0,1.0,25,-5.510144926230296,-0.6638872393893429,-7.486802806484205,53.191489361702125,47,1.2174638861565568
150,3.0,1.0,1.0,35,-5.510144926230296,-0.6638872393893429,-7.486802806484205,53.191489361702125,47,1.2174638861565568
250,3.0,1.5,0.5,25,-5.5718299543881225,-0.4581712682913288,-9.618056292818345,60.46511627906976,43,1.501027490791966
250,2.5,1.5,1.5,35,-5.632488738720386,-0.41427446391097966,-11.820662910174217,54.347826086956516,46,2.0669738160250435
150,3.0,1.0,0.5,45,-5.7723710102779116,-0.696420936179602,-7.484754127451332,55.10204081632652,49,1.0743287072869794
150,3.0,1.0,0.5,25,-5.7723710102779116,-0.696420936179602,-7.484754127451332,55.10204081632652,49,1.0743287072869794
150,3.0,1.0,0.5,35,-5.7723710102779116,-0.696420936179602,-7.484754127451332,55.10204081632652,49,1.0743287072869794
200,2.0,1.5,0.5,25,-5.830124270829783,-0.4470153830957247,-11.455027066285083,63.63636363636363,55,1.8202483484354186
100,2.0,1.0,1.5,45,-6.058591938778427,-0.9030734336295116,-8.089168095635102,50.943396226415096,53,1.601752912366431
100,2.0,1.0,1.5,25,-6.058591938778427,-0.9030734336295116,-8.089168095635102,50.943396226415096,53,1.601752912366431
100,2.0,1.0,1.5,35,-6.058591938778427,-0.9030734336295116,-8.089168095635102,50.943396226415096,53,1.601752912366431
200,3.0,1.5,0.5,45,-6.114667982340543,-0.48791633270560464,-10.540474146128453,59.09090909090909,44,1.423947714582712
250,2.5,1.5,1.5,25,-6.239885021458122,-0.45420843347151124,-11.820662910174217,54.347826086956516,46,2.0669738160250435
100,2.5,1.5,0.5,35,-6.43491095289819,-0.5229068657918348,-8.161761679733637,62.264150943396224,53,1.6118773836503155
200,3.0,1.5,0.5,35,-6.466074906306021,-0.5163351220843838,-10.976191197405639,59.09090909090909,44,1.423947714582712
200,2.5,1.5,1.5,45,-6.815077223309035,-0.4981449517775724,-14.802436611972015,53.191489361702125,47,1.9763939165940199
100,2.5,2.0,1.0,35,-7.092280768118671,-0.4093161673047155,-17.327310773441784,56.60377358490566,53,1.3530396311342996
100,2.5,2.0,1.0,45,-7.121487696066743,-0.41781736060416924,-17.723514909856764,56.60377358490566,53,1.3530396311342996
200,3.0,1.5,0.5,25,-7.198387360074047,-0.575929925145333,-11.628348160937108,59.09090909090909,44,1.423947714582712
200,2.5,1.5,1.5,35,-7.245457392910466,-0.5225346240286917,-14.802436611972015,53.191489361702125,47,1.9763939165940199
200,2.5,1.5,1.5,25,-7.344360108863711,-0.5263571308018423,-14.802436611972015,53.191489361702125,47,1.9763939165940199
100,2.5,1.5,0.5,25,-7.546313320047503,-0.603122617483179,-8.753528451851867,62.264150943396224,53,1.6118773836503155
100,2.5,2.0,1.0,25,-7.566590361288854,-0.43268749660971073,-17.26493674150651,56.60377358490566,53,1.3530396311342996
250,3.0,1.0,1.0,25,-7.623623710059019,-0.9679176771310303,-9.173903072940881,53.48837209302325,43,1.3253049033161288
250,3.0,1.0,1.0,35,-7.623623710059019,-0.9679176771310303,-9.173903072940881,53.48837209302325,43,1.3253049033161288
250,3.0,1.0,1.0,45,-7.623623710059019,-0.9679176771310303,-9.173903072940881,53.48837209302325,43,1.3253049033161288
100,2.5,1.5,1.0,45,-7.7435069551815285,-0.626480299990056,-9.633068932736766,57.692307692307686,52,1.6276243386527076
250,3.0,1.5,1.0,45,-7.747930574088986,-0.6341090407021223,-11.688317978581264,52.38095238095239,42,1.280022566589876
200,3.0,1.0,1.0,45,-7.808138468397938,-0.9953582836179211,-9.064267797349379,51.11111111111111,45,1.1462693783545705
200,3.0,1.0,1.0,35,-7.808138468397938,-0.9953582836179211,-9.064267797349379,51.11111111111111,45,1.1462693783545705
200,3.0,1.0,1.0,25,-7.808138468397938,-0.9953582836179211,-9.064267797349379,51.11111111111111,45,1.1462693783545705
250,3.0,1.0,0.5,25,-7.885849794106635,-1.0026740238252296,-9.191430775259102,55.55555555555556,45,1.173323106308828
250,3.0,1.0,0.5,35,-7.885849794106635,-1.0026740238252296,-9.191430775259102,55.55555555555556,45,1.173323106308828
250,3.0,1.0,0.5,45,-7.885849794106635,-1.0026740238252296,-9.191430775259102,55.55555555555556,45,1.173323106308828
200,3.0,1.0,0.5,35,-8.070364552445554,-1.0302972192016502,-9.065226142724093,53.191489361702125,47,1.0019629949403628
200,3.0,1.0,0.5,25,-8.070364552445554,-1.0302972192016502,-9.065226142724093,53.191489361702125,47,1.0019629949403628
200,3.0,1.0,0.5,45,-8.070364552445554,-1.0302972192016502,-9.065226142724093,53.191489361702125,47,1.0019629949403628
250,3.0,1.0,1.5,45,-8.070485373746598,-1.0293625902848362,-9.371613796585631,44.18604651162791,43,1.0604058407960029
250,3.0,1.0,1.5,35,-8.070485373746598,-1.0293625902848362,-9.371613796585631,44.18604651162791,43,1.0604058407960029
250,3.0,1.0,1.5,25,-8.070485373746598,-1.0293625902848362,-9.371613796585631,44.18604651162791,43,1.0604058407960029
150,3.0,1.5,1.0,45,-8.103271294210554,-0.6385738324865665,-9.377853947054648,52.27272727272727,44,1.2375504647831117
250,3.0,1.5,1.0,35,-8.121028900314249,-0.665196712380243,-11.823474901652965,52.38095238095239,42,1.280022566589876
100,2.0,1.5,0.5,45,-8.163580205667094,-0.6784617954197701,-13.951502312502285,58.620689655172406,58,1.39972469846273
200,3.0,1.0,1.5,25,-8.255000132085517,-1.0571734330760396,-9.296703497886016,42.22222222222222,45,0.9245263242964771
200,3.0,1.0,1.5,45,-8.255000132085517,-1.0571734330760396,-9.296703497886016,42.22222222222222,45,0.9245263242964771
200,3.0,1.0,1.5,35,-8.255000132085517,-1.0571734330760396,-9.296703497886016,42.22222222222222,45,0.9245263242964771
150,3.0,1.5,1.0,35,-8.617205951131963,-0.6781423598118953,-9.89178860397606,52.27272727272727,44,1.2375504647831117
150,2.0,1.5,1.0,45,-8.71302815639645,-0.650855160857619,-14.642057281158893,57.692307692307686,52,1.7599760409460647
250,3.0,1.5,1.0,25,-8.739798623382484,-0.7137917368921779,-11.972590508781622,52.38095238095239,42,1.280022566589876
150,2.0,1.5,1.0,35,-9.022873716498635,-0.6684638265920511,-14.592686568280811,57.692307692307686,52,1.7599760409460647
200,3.0,1.5,1.0,45,-9.198326524023196,-0.7305689055992044,-10.540474146128453,51.162790697674424,43,1.2252295112286695
150,3.0,1.5,1.0,25,-9.228255329282874,-0.7239839673722587,-10.58714810943867,52.27272727272727,44,1.2375504647831117
100,2.5,1.5,1.0,35,-9.243831044264553,-0.7431241466022516,-9.592449121155122,57.692307692307686,52,1.6276243386527076
150,2.5,1.5,1.5,45,-9.257168745153031,-0.7076401405684289,-14.802436611972015,53.191489361702125,47,1.829900604645004
100,2.0,1.5,0.5,35,-9.388868294234545,-0.7688156638609783,-14.76053980781269,58.620689655172406,58,1.39972469846273
150,2.0,1.5,1.0,25,-9.42652443475601,-0.6926243836518904,-14.526039491276455,57.692307692307686,52,1.7599760409460647
200,2.0,1.5,1.0,45,-9.435887311899895,-0.7064976855290525,-14.584844287248167,56.86274509803921,51,1.9083988436514
100,3.0,2.0,1.0,45,-9.515165556300563,-0.6110698688718132,-21.41920604290226,53.06122448979592,49,0.9322074648672334
100,3.0,2.0,1.0,25,-9.527668702172395,-0.5936706363627934,-21.604103190893685,53.06122448979592,49,0.9322074648672334
150,2.5,1.5,1.5,35,-9.68754891475446,-0.7302163475118029,-14.802436611972015,53.191489361702125,47,1.829900604645004
200,3.0,1.5,1.0,35,-9.71419906553694,-0.7765964789476982,-10.976191197405639,51.162790697674424,43,1.2252295112286695
200,2.0,1.5,1.0,35,-9.860376050379509,-0.7325347566375162,-14.643584023443257,56.86274509803921,51,1.9083988436514
150,2.5,1.5,1.5,25,-9.913668665395308,-0.7398474719454741,-14.802436611972015,53.191489361702125,47,1.829900604645004
100,3.0,1.5,0.5,45,-10.032570352047934,-0.8690174306024758,-11.335477319872666,57.99999999999999,50,1.1544202996306316
100,3.0,2.0,1.0,35,-10.05596308221,-0.6413082602293664,-21.79975391700205,53.06122448979592,49,0.9322074648672334
100,2.5,1.5,1.0,25,-10.174841792314673,-0.8074212598109082,-10.269328816992296,57.692307692307686,52,1.6276243386527076
200,2.0,1.5,1.0,25,-10.253751278185609,-0.7544951706740733,-14.622230608663788,56.86274509803921,51,1.9083988436514
200,3.0,1.5,1.0,25,-10.36635602906841,-0.8257881833152309,-11.628348160937108,51.162790697674424,43,1.2252295112286695
150,3.0,1.0,1.5,45,-10.612214815923418,-1.3499036694707047,-11.629999928713453,41.30434782608695,46,0.8900538142491597
150,3.0,1.0,1.5,35,-10.612214815923418,-1.3499036694707047,-11.629999928713453,41.30434782608695,46,0.8900538142491597
150,3.0,1.0,1.5,25,-10.612214815923418,-1.3499036694707047,-11.629999928713453,41.30434782608695,46,0.8900538142491597
100,2.0,1.5,0.5,25,-10.648181634681004,-0.8653206567715178,-15.55825992444163,58.620689655172406,58,1.39972469846273
100,3.0,1.0,1.0,45,-11.686742387022841,-1.9077722741968028,-12.726000118451209,50.0,50,0.9903519251459397
100,3.0,1.0,1.0,35,-11.686742387022841,-1.9077722741968028,-12.726000118451209,50.0,50,0.9903519251459397
100,3.0,1.0,1.0,25,-11.686742387022841,-1.9077722741968028,-12.726000118451209,50.0,50,0.9903519251459397
100,3.0,1.5,0.5,35,-11.767199804051488,-1.0201475900770356,-12.811755511172118,57.99999999999999,50,1.1544202996306316
100,3.0,1.0,0.5,45,-11.948968471070456,-1.954610329290031,-12.733974506873036,51.92307692307693,52,0.8633486998120833
100,3.0,1.0,0.5,35,-11.948968471070456,-1.954610329290031,-12.733974506873036,51.92307692307693,52,0.8633486998120833
100,3.0,1.0,0.5,25,-11.948968471070456,-1.954610329290031,-12.733974506873036,51.92307692307693,52,0.8633486998120833
100,3.0,1.5,0.5,25,-13.088923745356858,-1.1299007401882843,-14.174044031103893,57.99999999999999,50,1.1544202996306316
250,2.0,1.5,1.5,35,-13.581783042843961,-0.9983218212282502,-18.86069663018408,53.191489361702125,47,1.8399155499293223
250,2.0,1.5,1.5,25,-13.635703228673119,-0.9957520106245019,-18.911323066018994,53.191489361702125,47,1.8399155499293223
250,2.0,1.5,1.5,45,-13.68421381779206,-1.0115646728275205,-18.956870353914567,53.191489361702125,47,1.8399155499293223
250,3.0,1.5,1.5,45,-14.181394882284367,-1.1954000952516806,-14.711364467206167,46.34146341463415,41,1.1812695043025174
250,3.0,1.5,1.5,35,-14.431869782491885,-1.2170941879618364,-14.961050773711204,46.34146341463415,41,1.1812695043025174
100,2.0,1.5,1.0,45,-14.448086547525019,-1.1408138413679154,-19.9114165286572,53.70370370370371,54,1.3799845076661157
250,3.0,1.5,1.5,25,-14.557107232595627,-1.2278007172588485,-15.085893926963712,46.34146341463415,41,1.1812695043025174
100,3.0,1.5,1.0,45,-14.827856923790442,-1.256196041153691,-15.014318992101849,52.083333333333336,48,1.0544941774519265
100,2.0,1.5,1.0,35,-15.214858876240761,-1.1969111347629102,-20.31291967333787,53.70370370370371,54,1.3799845076661157
100,3.0,1.5,1.0,35,-15.70395804994083,-1.337338530274676,-15.890420118252246,52.083333333333336,48,1.0544941774519265
200,3.0,1.5,1.5,45,-15.709348827568501,-1.2963605283915658,-17.24404128118784,45.23809523809524,42,1.1368493825779356
200,3.0,1.5,1.5,35,-15.89720500272415,-1.3122097001085222,-17.43189745634348,45.23809523809524,42,1.1368493825779356
100,2.0,1.5,1.0,25,-16.06911828888966,-1.2496403634371862,-20.75340428005458,53.70370370370371,54,1.3799845076661157
200,3.0,1.5,1.5,25,-16.085061177879798,-1.3278136173829675,-17.619753631499112,45.23809523809524,42,1.1368493825779356
100,3.0,1.0,1.5,45,-16.33046127648273,-2.8253978911543474,-17.276271487795814,44.0,50,0.8383500425096166
100,3.0,1.0,1.5,25,-16.33046127648273,-2.8253978911543474,-17.276271487795814,44.0,50,0.8383500425096166
100,3.0,1.0,1.5,35,-16.33046127648273,-2.8253978911543474,-17.276271487795814,44.0,50,0.8383500425096166
100,3.0,2.0,1.5,45,-16.35081386882235,-1.0306215209695233,-22.73851663404277,44.44444444444444,45,0.8157161140534666
100,3.0,2.0,1.5,35,-16.743008382280607,-1.056316308436028,-22.94325055468859,44.44444444444444,45,0.8157161140534666
100,3.0,1.5,1.0,25,-16.91339075961949,-1.4361028290562208,-17.099852827930896,52.083333333333336,48,1.0544941774519265
100,3.0,2.0,1.5,25,-17.044214288914226,-1.078439319565677,-23.233015192273754,44.44444444444444,45,0.8157161140534666
150,3.0,1.5,1.5,45,-18.08052800748269,-1.535059859111937,-19.251508603323753,44.18604651162791,43,1.0814298188023268
150,3.0,1.5,1.5,35,-18.26838418263833,-1.5514856030085378,-19.43936477847941,44.18604651162791,43,1.0814298188023268
150,3.0,1.5,1.5,25,-18.371930230482267,-1.5603266464965144,-19.62722095363504,44.18604651162791,43,1.0814298188023268
200,2.0,1.5,1.5,35,-19.085412424977378,-1.5076923170061558,-21.734162667389047,51.06382978723404,47,1.6940466659264402
200,2.0,1.5,1.5,25,-19.10307356733804,-1.4974797620904494,-21.751245669805964,51.06382978723404,47,1.6940466659264402
200,2.0,1.5,1.5,45,-19.246787271550247,-1.5342117923767968,-21.89025488598606,51.06382978723404,47,1.6940466659264402
100,2.5,1.5,1.5,45,-19.665085265309873,-1.6904676996537695,-19.755278095467823,48.0,50,1.3998340986453364
100,2.5,1.5,1.5,35,-19.829059962636503,-1.687018500859252,-19.919178596674126,48.0,50,1.3998340986453364
100,2.5,1.5,1.5,25,-20.17513000492623,-1.6887290578788092,-20.265092047398703,48.0,50,1.3998340986453364
150,2.0,1.5,1.5,35,-21.22318126879828,-1.727855555739815,-23.80195135172337,48.97959183673469,49,1.4701114067443033
150,2.0,1.5,1.5,25,-21.240842411158948,-1.7159102660881298,-23.81903435414029,48.97959183673469,49,1.4701114067443033
150,2.0,1.5,1.5,45,-21.38455611537115,-1.7569244641994648,-23.958043570320385,48.97959183673469,49,1.4701114067443033
100,3.0,1.5,1.5,45,-25.693054249615233,-2.31844138632144,-25.879516317926655,43.47826086956522,46,0.953679625472915
100,3.0,1.5,1.5,35,-25.784904459255742,-2.3315091279709454,-25.971366527567163,43.47826086956522,46,0.953679625472915
100,3.0,1.5,1.5,25,-25.87902839868598,-2.340612178833128,-26.0654904669974,43.47826086956522,46,0.953679625472915
100,2.0,1.5,1.5,35,-28.133348329083592,-2.443468657938693,-30.485913135252307,44.0,50,1.146190200526166
100,2.0,1.5,1.5,25,-28.15100947144426,-2.4270863788375054,-30.502996137669225,44.0,50,1.146190200526166
100,2.0,1.5,1.5,45,-28.29472317565646,-2.479239534588734,-30.64200535384932,44.0,50,1.146190200526166
